ALWAYS,1
BEST,1
CLEARLY,1
DEFINITELY,1
DEFINITIVELY,1
HIGHEST,1
LOWEST,1
MUST,1
NEVER,1
STRONGLY,1
UNAMBIGUOUSLY,1
UNCOMPROMISING,1
UNDISPUTED,1
UNDOUBTEDLY,1
UNEQUIVOCAL,1
UNEQUIVOCALLY,1
UNPARALLELED,1
UNSURPASSED,1
WILL,1
ABLE,0.8
ABUNDANCE,0.8
ABUNDANT,0.8
ACCLAIMED,0.8
ACCOMPLISH,0.8
ACCOMPLISHED,0.8
ACCOMPLISHES,0.8
ACCOMPLISHING,0.8
ACCOMPLISHMENT,0.8
ACCOMPLISHMENTS,0.8
ACHIEVE,0.8
ACHIEVED,0.8
ACHIEVEMENT,0.8
ACHIEVEMENTS,0.8
ACHIEVES,0.8
ACHIEVING,0.8
ADEQUATELY,0.8
ADVANCEMENT,0.8
ADVANCEMENTS,0.8
ADVANCES,0.8
ADVANCING,0.8
ADVANTAGE,0.8
ADVANTAGED,0.8
ADVANTAGEOUS,0.8
ADVANTAGEOUSLY,0.8
ADVANTAGES,0.8
ALLIANCE,0.8
ALLIANCES,0.8
ASSURE,0.8
ASSURED,0.8
ASSURES,0.8
ASSURING,0.8
ATTAIN,0.8
ATTAINED,0.8
ATTAINING,0.8
ATTAINMENT,0.8
ATTAINMENTS,0.8
ATTAINS,0.8
ATTRACTIVE,0.8
ATTRACTIVENESS,0.8
BEAUTIFUL,0.8
BEAUTIFULLY,0.8
BENEFICIAL,0.8
BENEFICIALLY,0.8
BENEFIT,0.8
BENEFITED,0.8
BENEFITING,0.8
BENEFITTED,0.8
BENEFITTING,0.8
BETTER,0.8
BOLSTERED,0.8
BOLSTERING,0.8
BOLSTERS,0.8
BOOM,0.8
BOOMING,0.8
BOOST,0.8
BOOSTED,0.8
BREAKTHROUGH,0.8
BREAKTHROUGHS,0.8
BRILLIANT,0.8
CHARITABLE,0.8
COLLABORATE,0.8
COLLABORATED,0.8
COLLABORATES,0.8
COLLABORATING,0.8
COLLABORATION,0.8
COLLABORATIONS,0.8
COLLABORATIVE,0.8
COLLABORATOR,0.8
COLLABORATORS,0.8
COMPLIMENT,0.8
COMPLIMENTARY,0.8
COMPLIMENTED,0.8
COMPLIMENTING,0.8
COMPLIMENTS,0.8
CONCLUSIVE,0.8
CONCLUSIVELY,0.8
CONDUCIVE,0.8
CONFIDENT,0.8
CONSTRUCTIVE,0.8
CONSTRUCTIVELY,0.8
COURTEOUS,0.8
CREATIVE,0.8
CREATIVELY,0.8
CREATIVENESS,0.8
CREATIVITY,0.8
DELIGHT,0.8
DELIGHTED,0.8
DELIGHTFUL,0.8
DELIGHTFULLY,0.8
DELIGHTING,0.8
DELIGHTS,0.8
DEPENDABILITY,0.8
DEPENDABLE,0.8
DESIRABLE,0.8
DESIRED,0.8
DESPITE,0.8
DESTINED,0.8
DILIGENT,0.8
DILIGENTLY,0.8
DISTINCTION,0.8
DISTINCTIONS,0.8
DISTINCTIVE,0.8
DISTINCTIVELY,0.8
DISTINCTIVENESS,0.8
DREAM,0.8
EASIER,0.8
EASILY,0.8
EASY,0.8
EFFECTIVE,0.8
EFFICIENCIES,0.8
EFFICIENCY,0.8
EFFICIENT,0.8
EFFICIENTLY,0.8
EMPOWER,0.8
EMPOWERED,0.8
EMPOWERING,0.8
EMPOWERS,0.8
ENABLE,0.8
ENABLED,0.8
ENABLES,0.8
ENABLING,0.8
ENCOURAGED,0.8
ENCOURAGEMENT,0.8
ENCOURAGES,0.8
ENCOURAGING,0.8
ENHANCE,0.8
ENHANCED,0.8
ENHANCEMENT,0.8
ENHANCEMENTS,0.8
ENHANCES,0.8
ENHANCING,0.8
ENJOY,0.8
ENJOYABLE,0.8
ENJOYABLY,0.8
ENJOYED,0.8
ENJOYING,0.8
ENJOYMENT,0.8
ENJOYS,0.8
ENTHUSIASM,0.8
ENTHUSIASTIC,0.8
ENTHUSIASTICALLY,0.8
EXCELLENCE,0.8
EXCELLENT,0.8
EXCELLING,0.8
EXCELS,0.8
EXCEPTIONAL,0.8
EXCEPTIONALLY,0.8
EXCITED,0.8
EXCITEMENT,0.8
EXCITING,0.8
EXCLUSIVE,0.8
EXCLUSIVELY,0.8
EXCLUSIVENESS,0.8
EXCLUSIVES,0.8
EXCLUSIVITY,0.8
EXEMPLARY,0.8
FANTASTIC,0.8
FAVORABLE,0.8
FAVORABLY,0.8
FAVORED,0.8
FAVORING,0.8
FAVORITE,0.8
FAVORITES,0.8
FRIENDLY,0.8
GAIN,0.8
GAINED,0.8
GAINING,0.8
GAINS,0.8
GOOD,0.8
GREAT,0.8
GREATER,0.8
GREATEST,0.8
GREATLY,0.8
GREATNESS,0.8
HAPPIEST,0.8
HAPPILY,0.8
HAPPINESS,0.8
HAPPY,0.8
HIGHEST,0.8
HONOR,0.8
HONORABLE,0.8
HONORED,0.8
HONORING,0.8
HONORS,0.8
IDEAL,0.8
IMPRESS,0.8
IMPRESSED,0.8
IMPRESSES,0.8
IMPRESSING,0.8
IMPRESSIVE,0.8
IMPRESSIVELY,0.8
IMPROVE,0.8
IMPROVED,0.8
IMPROVEMENT,0.8
IMPROVEMENTS,0.8
IMPROVES,0.8
IMPROVING,0.8
INCREDIBLE,0.8
INCREDIBLY,0.8
INFLUENTIAL,0.8
INFORMATIVE,0.8
INGENUITY,0.8
INNOVATE,0.8
INNOVATED,0.8
INNOVATES,0.8
INNOVATING,0.8
INNOVATION,0.8
INNOVATIONS,0.8
INNOVATIVE,0.8
INNOVATIVENESS,0.8
INNOVATOR,0.8
INNOVATORS,0.8
INSIGHTFUL,0.8
INSPIRATION,0.8
INSPIRATIONAL,0.8
INTEGRITY,0.8
INVENT,0.8
INVENTED,0.8
INVENTING,0.8
INVENTION,0.8
INVENTIONS,0.8
INVENTIVE,0.8
INVENTIVENESS,0.8
INVENTOR,0.8
INVENTORS,0.8
LEADERSHIP,0.8
LEADING,0.8
LOYAL,0.8
LUCRATIVE,0.8
MERITORIOUS,0.8
OPPORTUNITIES,0.8
OPPORTUNITY,0.8
OPTIMISTIC,0.8
OUTPERFORM,0.8
OUTPERFORMED,0.8
OUTPERFORMING,0.8
OUTPERFORMS,0.8
OUTSTANDING,0.8
PERFECT,0.8
PERFECTED,0.8
PERFECTLY,0.8
PERFECTS,0.8
PLEASANT,0.8
PLEASANTLY,0.8
PLEASED,0.8
PLEASURE,0.8
PLENTIFUL,0.8
POPULAR,0.8
POPULARITY,0.8
POSITIVE,0.8
POSITIVELY,0.8
PREEMINENCE,0.8
PREEMINENT,0.8
PREMIER,0.8
PREMIERE,0.8
PRESTIGE,0.8
PRESTIGIOUS,0.8
PROACTIVE,0.8
PROACTIVELY,0.8
PROFICIENCY,0.8
PROFICIENT,0.8
PROFICIENTLY,0.8
PROFITABILITY,0.8
PROFITABLE,0.8
PROFITABLY,0.8
PROGRESS,0.8
PROGRESSED,0.8
PROGRESSES,0.8
PROGRESSING,0.8
PROSPERED,0.8
PROSPERING,0.8
PROSPERITY,0.8
PROSPEROUS,0.8
PROSPERS,0.8
REBOUND,0.8
REBOUNDED,0.8
REBOUNDING,0.8
RECEPTIVE,0.8
REGAIN,0.8
REGAINED,0.8
REGAINING,0.8
RESOLVE,0.8
REVOLUTIONIZE,0.8
REVOLUTIONIZED,0.8
REVOLUTIONIZES,0.8
REVOLUTIONIZING,0.8
REWARD,0.8
REWARDED,0.8
REWARDING,0.8
REWARDS,0.8
SATISFACTION,0.8
SATISFACTORILY,0.8
SATISFACTORY,0.8
SATISFIED,0.8
SATISFIES,0.8
SATISFY,0.8
SATISFYING,0.8
SMOOTH,0.8
SMOOTHING,0.8
SMOOTHLY,0.8
SMOOTHS,0.8
SOLVES,0.8
SOLVING,0.8
SPECTACULAR,0.8
SPECTACULARLY,0.8
STABILITY,0.8
STABILIZATION,0.8
STABILIZATIONS,0.8
STABILIZE,0.8
STABILIZED,0.8
STABILIZES,0.8
STABILIZING,0.8
STABLE,0.8
STRENGTH,0.8
STRENGTHEN,0.8
STRENGTHENED,0.8
STRENGTHENING,0.8
STRENGTHENS,0.8
STRENGTHS,0.8
STRONG,0.8
STRONGER,0.8
STRONGEST,0.8
SUCCEED,0.8
SUCCEEDED,0.8
SUCCEEDING,0.8
SUCCEEDS,0.8
SUCCESS,0.8
SUCCESSES,0.8
SUCCESSFUL,0.8
SUCCESSFULLY,0.8
SUPERIOR,0.8
SURPASS,0.8
SURPASSED,0.8
SURPASSES,0.8
SURPASSING,0.8
TRANSPARENCY,0.8
TREMENDOUS,0.8
TREMENDOUSLY,0.8
UNMATCHED,0.8
UNPARALLELED,0.8
UNSURPASSED,0.8
UPTURN,0.8
UPTURNS,0.8
VALUABLE,0.8
VERSATILE,0.8
VERSATILITY,0.8
VIBRANCY,0.8
VIBRANT,0.8
WIN,0.8
WINNER,0.8
WINNERS,0.8
WINNING,0.8
WORTHY,0.8
ABEYANCE,0.5
ABEYANCES,0.5
ALMOST,0.5
ALTERATION,0.5
ALTERATIONS,0.5
AMBIGUITIES,0.5
AMBIGUITY,0.5
AMBIGUOUS,0.5
ANOMALIES,0.5
ANOMALOUS,0.5
ANOMALOUSLY,0.5
ANOMALY,0.5
ANTICIPATE,0.5
ANTICIPATED,0.5
ANTICIPATES,0.5
ANTICIPATING,0.5
ANTICIPATION,0.5
ANTICIPATIONS,0.5
APPARENT,0.5
APPARENTLY,0.5
APPEAR,0.5
APPEARED,0.5
APPEARING,0.5
APPEARS,0.5
APPROXIMATE,0.5
APPROXIMATED,0.5
APPROXIMATELY,0.5
APPROXIMATES,0.5
APPROXIMATING,0.5
APPROXIMATION,0.5
APPROXIMATIONS,0.5
ARBITRARILY,0.5
ARBITRARINESS,0.5
ARBITRARY,0.5
ASSUME,0.5
ASSUMED,0.5
ASSUMES,0.5
ASSUMING,0.5
ASSUMPTION,0.5
ASSUMPTIONS,0.5
BELIEVE,0.5
BELIEVED,0.5
BELIEVES,0.5
BELIEVING,0.5
CAUTIOUS,0.5
CAUTIOUSLY,0.5
CAUTIOUSNESS,0.5
CLARIFICATION,0.5
CLARIFICATIONS,0.5
CONCEIVABLE,0.5
CONCEIVABLY,0.5
CONDITIONAL,0.5
CONDITIONALLY,0.5
CONFUSES,0.5
CONFUSING,0.5
CONFUSINGLY,0.5
CONFUSION,0.5
CONTINGENCIES,0.5
CONTINGENCY,0.5
CONTINGENT,0.5
CONTINGENTLY,0.5
CONTINGENTS,0.5
COULD,0.5
CROSSROAD,0.5
CROSSROADS,0.5
DEPEND,0.5
DEPENDED,0.5
DEPENDENCE,0.5
DEPENDENCIES,0.5
DEPENDENCY,0.5
DEPENDENT,0.5
DEPENDING,0.5
DEPENDS,0.5
DESTABILIZING,0.5
DEVIATE,0.5
DEVIATED,0.5
DEVIATES,0.5
DEVIATING,0.5
DEVIATION,0.5
DEVIATIONS,0.5
DIFFER,0.5
DIFFERED,0.5
DIFFERING,0.5
DIFFERS,0.5
DOUBT,0.5
DOUBTED,0.5
DOUBTFUL,0.5
DOUBTS,0.5
EXPOSURE,0.5
EXPOSURES,0.5
FLUCTUATE,0.5
FLUCTUATED,0.5
FLUCTUATES,0.5
FLUCTUATING,0.5
FLUCTUATION,0.5
FLUCTUATIONS,0.5
HIDDEN,0.5
HINGES,0.5
IMPRECISE,0.5
IMPRECISION,0.5
IMPRECISIONS,0.5
IMPROBABILITY,0.5
IMPROBABLE,0.5
INCOMPLETENESS,0.5
INDEFINITE,0.5
INDEFINITELY,0.5
INDEFINITENESS,0.5
INDETERMINABLE,0.5
INDETERMINATE,0.5
INEXACT,0.5
INEXACTNESS,0.5
INSTABILITIES,0.5
INSTABILITY,0.5
INTANGIBLE,0.5
INTANGIBLES,0.5
LIKELIHOOD,0.5
MAY,0.5
MAYBE,0.5
MIGHT,0.5
NEARLY,0.5
NONASSESSABLE,0.5
OCCASIONALLY,0.5
ORDINARILY,0.5
PENDING,0.5
PERHAPS,0.5
POSSIBILITIES,0.5
POSSIBILITY,0.5
POSSIBLE,0.5
POSSIBLY,0.5
PRECAUTION,0.5
PRECAUTIONARY,0.5
PRECAUTIONS,0.5
PREDICT,0.5
PREDICTABILITY,0.5
PREDICTED,0.5
PREDICTING,0.5
PREDICTION,0.5
PREDICTIONS,0.5
PREDICTIVE,0.5
PREDICTOR,0.5
PREDICTORS,0.5
PREDICTS,0.5
PRELIMINARILY,0.5
PRELIMINARY,0.5
PRESUMABLY,0.5
PRESUME,0.5
PRESUMED,0.5
PRESUMES,0.5
PRESUMING,0.5
PRESUMPTION,0.5
PRESUMPTIONS,0.5
PROBABILISTIC,0.5
PROBABILITIES,0.5
PROBABILITY,0.5
PROBABLE,0.5
PROBABLY,0.5
RANDOM,0.5
RANDOMIZE,0.5
RANDOMIZED,0.5
RANDOMIZES,0.5
RANDOMIZING,0.5
RANDOMLY,0.5
RANDOMNESS,0.5
REASSESS,0.5
REASSESSED,0.5
REASSESSES,0.5
REASSESSING,0.5
REASSESSMENT,0.5
REASSESSMENTS,0.5
RECALCULATE,0.5
RECALCULATED,0.5
RECALCULATES,0.5
RECALCULATING,0.5
RECALCULATION,0.5
RECALCULATIONS,0.5
RECONSIDER,0.5
RECONSIDERED,0.5
RECONSIDERING,0.5
RECONSIDERS,0.5
REEXAMINATION,0.5
REEXAMINE,0.5
REEXAMINING,0.5
REINTERPRET,0.5
REINTERPRETATION,0.5
REINTERPRETATIONS,0.5
REINTERPRETED,0.5
REINTERPRETING,0.5
REINTERPRETS,0.5
REVISE,0.5
REVISED,0.5
RISK,0.5
RISKED,0.5
RISKIER,0.5
RISKIEST,0.5
RISKINESS,0.5
RISKING,0.5
RISKS,0.5
RISKY,0.5
ROUGHLY,0.5
RUMORS,0.5
SEEMS,0.5
SELDOM,0.5
SELDOMLY,0.5
SOMETIME,0.5
SOMETIMES,0.5
SOMEWHAT,0.5
SOMEWHERE,0.5
SPECULATE,0.5
SPECULATED,0.5
SPECULATES,0.5
SPECULATING,0.5
SPECULATION,0.5
SPECULATIONS,0.5
SPECULATIVE,0.5
SPECULATIVELY,0.5
SPORADIC,0.5
SPORADICALLY,0.5
SUDDEN,0.5
SUDDENLY,0.5
SUGGEST,0.5
SUGGESTED,0.5
SUGGESTING,0.5
SUGGESTS,0.5
SUSCEPTIBILITY,0.5
TENDING,0.5
TENTATIVE,0.5
TENTATIVELY,0.5
TURBULENCE,0.5
UNCERTAIN,0.5
UNCERTAINLY,0.5
UNCERTAINTIES,0.5
UNCERTAINTY,0.5
UNCLEAR,0.5
UNCONFIRMED,0.5
UNDECIDED,0.5
UNDEFINED,0.5
UNDESIGNATED,0.5
UNDETECTABLE,0.5
UNDETERMINABLE,0.5
UNDETERMINED,0.5
UNDOCUMENTED,0.5
UNEXPECTED,0.5
UNEXPECTEDLY,0.5
UNFAMILIAR,0.5
UNFAMILIARITY,0.5
UNFORECASTED,0.5
UNFORSEEN,0.5
UNGUARANTEED,0.5
UNHEDGED,0.5
UNIDENTIFIABLE,0.5
UNIDENTIFIED,0.5
UNKNOWN,0.5
UNKNOWNS,0.5
UNOBSERVABLE,0.5
UNPLANNED,0.5
UNPREDICTABILITY,0.5
UNPREDICTABLE,0.5
UNPREDICTABLY,0.5
UNPREDICTED,0.5
UNPROVED,0.5
UNPROVEN,0.5
UNQUANTIFIABLE,0.5
UNQUANTIFIED,0.5
UNRECONCILED,0.5
UNSEASONABLE,0.5
UNSEASONABLY,0.5
UNSETTLED,0.5
UNSPECIFIC,0.5
UNSPECIFIED,0.5
UNTESTED,0.5
UNUSUAL,0.5
UNUSUALLY,0.5
UNWRITTEN,0.5
VAGARIES,0.5
VARIABILITY,0.5
VARIABLE,0.5
VARIABLES,0.5
VARIABLY,0.5
VARIANCE,0.5
VARIANCES,0.5
VARIANT,0.5
VARIANTS,0.5
VARIATION,0.5
VARIATIONS,0.5
VARIED,0.5
VARIES,0.5
VARY,0.5
VARYING,0.5
VOLATILE,0.5
VOLATILITIES,0.5
VOLATILITY,0.5
ABANDON,0
ABANDONED,0
ABANDONING,0
ABANDONMENT,0
ABANDONMENTS,0
ABANDONS,0
ABDICATED,0
ABDICATES,0
ABDICATING,0
ABDICATION,0
ABDICATIONS,0
ABERRANT,0
ABERRATION,0
ABERRATIONAL,0
ABERRATIONS,0
ABETTING,0
ABNORMAL,0
ABNORMALITIES,0
ABNORMALITY,0
ABNORMALLY,0
ABOLISH,0
ABOLISHED,0
ABOLISHES,0
ABOLISHING,0
ABROGATE,0
ABROGATED,0
ABROGATES,0
ABROGATING,0
ABROGATION,0
ABROGATIONS,0
ABRUPT,0
ABRUPTLY,0
ABRUPTNESS,0
ABSENCE,0
ABSENCES,0
ABSENTEEISM,0
ABUSE,0
ABUSED,0
ABUSES,0
ABUSING,0
ABUSIVE,0
ABUSIVELY,0
ABUSIVENESS,0
ACCIDENT,0
ACCIDENTAL,0
ACCIDENTALLY,0
ACCIDENTS,0
ACCUSATION,0
ACCUSATIONS,0
ACCUSE,0
ACCUSED,0
ACCUSES,0
ACCUSING,0
ACQUIESCE,0
ACQUIESCED,0
ACQUIESCES,0
ACQUIESCING,0
ACQUIT,0
ACQUITS,0
ACQUITTAL,0
ACQUITTALS,0
ACQUITTED,0
ACQUITTING,0
ADULTERATE,0
ADULTERATED,0
ADULTERATING,0
ADULTERATION,0
ADULTERATIONS,0
ADVERSARIAL,0
ADVERSARIES,0
ADVERSARY,0
ADVERSE,0
ADVERSELY,0
ADVERSITIES,0
ADVERSITY,0
AFTERMATH,0
AFTERMATHS,0
AGAINST,0
AGGRAVATE,0
AGGRAVATED,0
AGGRAVATES,0
AGGRAVATING,0
AGGRAVATION,0
AGGRAVATIONS,0
ALERTED,0
ALERTING,0
ALIENATE,0
ALIENATED,0
ALIENATES,0
ALIENATING,0
ALIENATION,0
ALIENATIONS,0
ALLEGATION,0
ALLEGATIONS,0
ALLEGE,0
ALLEGED,0
ALLEGEDLY,0
ALLEGES,0
ALLEGING,0
ANNOY,0
ANNOYANCE,0
ANNOYANCES,0
ANNOYED,0
ANNOYING,0
ANNOYS,0
ANNUL,0
ANNULLED,0
ANNULLING,0
ANNULMENT,0
ANNULMENTS,0
ANNULS,0
ANOMALIES,0
ANOMALOUS,0
ANOMALOUSLY,0
ANOMALY,0
ANTICOMPETITIVE,0
ANTITRUST,0
ARGUE,0
ARGUED,0
ARGUING,0
ARGUMENT,0
ARGUMENTATIVE,0
ARGUMENTS,0
ARREARAGE,0
ARREARAGES,0
ARREARS,0
ARREST,0
ARRESTED,0
ARRESTS,0
ARTIFICIALLY,0
ASSAULT,0
ASSAULTED,0
ASSAULTING,0
ASSAULTS,0
ASSERTIONS,0
ATTRITION,0
AVERSELY,0
BACKDATING,0
BAD,0
BAIL,0
BAILOUT,0
BALK,0
BALKED,0
BANKRUPT,0
BANKRUPTCIES,0
BANKRUPTCY,0
BANKRUPTED,0
BANKRUPTING,0
BANKRUPTS,0
BANS,0
BARRED,0
BARRIER,0
BARRIERS,0
BOTTLENECK,0
BOTTLENECKS,0
BOYCOTT,0
BOYCOTTED,0
BOYCOTTING,0
BOYCOTTS,0
BREACH,0
BREACHED,0
BREACHES,0
BREACHING,0
BREAK,0
BREAKAGE,0
BREAKAGES,0
BREAKDOWN,0
BREAKDOWNS,0
BREAKING,0
BREAKS,0
BRIBE,0
BRIBED,0
BRIBERIES,0
BRIBERY,0
BRIBES,0
BRIBING,0
BRIDGE,0
BROKEN,0
BURDEN,0
BURDENED,0
BURDENING,0
BURDENS,0
BURDENSOME,0
BURNED,0
CALAMITIES,0
CALAMITOUS,0
CALAMITY,0
CANCEL,0
CANCELED,0
CANCELING,0
CANCELLATION,0
CANCELLATIONS,0
CANCELLED,0
CANCELLING,0
CANCELS,0
CARELESS,0
CARELESSLY,0
CARELESSNESS,0
CASUALTIES,0
CASUALTY,0
CATASTROPHE,0
CATASTROPHES,0
CATASTROPHIC,0
CATASTROPHICALLY,0
CAUTION,0
CAUTIONARY,0
CAUTIONED,0
CAUTIONING,0
CAUTIONS,0
CEASE,0
CEASED,0
CEASES,0
CEASING,0
CENSURE,0
CENSURED,0
CENSURES,0
CENSURING,0
CHALLENGE,0
CHALLENGED,0
CHALLENGES,0
CHALLENGING,0
CHARGEOFFS,0
CIRCUMVENT,0
CIRCUMVENTED,0
CIRCUMVENTING,0
CIRCUMVENTION,0
CIRCUMVENTIONS,0
CIRCUMVENTS,0
CLAIMING,0
CLAIMS,0
CLAWBACK,0
CLOSED,0
CLOSEOUT,0
CLOSEOUTS,0
CLOSING,0
CLOSINGS,0
CLOSURE,0
CLOSURES,0
COERCE,0
COERCED,0
COERCES,0
COERCING,0
COERCION,0
COERCIVE,0
COLLAPSE,0
COLLAPSED,0
COLLAPSES,0
COLLAPSING,0
COLLISION,0
COLLISIONS,0
COLLUDE,0
COLLUDED,0
COLLUDES,0
COLLUDING,0
COLLUSION,0
COLLUSIONS,0
COLLUSIVE,0
COMPLAIN,0
COMPLAINED,0
COMPLAINING,0
COMPLAINS,0
COMPLAINT,0
COMPLAINTS,0
COMPLICATE,0
COMPLICATED,0
COMPLICATES,0
COMPLICATING,0
COMPLICATION,0
COMPLICATIONS,0
COMPULSION,0
CONCEALED,0
CONCEALING,0
CONCEDE,0
CONCEDED,0
CONCEDES,0
CONCEDING,0
CONCERN,0
CONCERNED,0
CONCERNS,0
CONCILIATING,0
CONCILIATION,0
CONCILIATIONS,0
CONDEMN,0
CONDEMNATION,0
CONDEMNATIONS,0
CONDEMNED,0
CONDEMNING,0
CONDEMNS,0
CONDONE,0
CONDONED,0
CONFESS,0
CONFESSED,0
CONFESSES,0
CONFESSING,0
CONFESSION,0
CONFINE,0
CONFINED,0
CONFINEMENT,0
CONFINEMENTS,0
CONFINES,0
CONFINING,0
CONFISCATE,0
CONFISCATED,0
CONFISCATES,0
CONFISCATING,0
CONFISCATION,0
CONFISCATIONS,0
CONFLICT,0
CONFLICTED,0
CONFLICTING,0
CONFLICTS,0
CONFRONT,0
CONFRONTATION,0
CONFRONTATIONAL,0
CONFRONTATIONS,0
CONFRONTED,0
CONFRONTING,0
CONFRONTS,0
CONFUSE,0
CONFUSED,0
CONFUSES,0
CONFUSING,0
CONFUSINGLY,0
CONFUSION,0
CONSPIRACIES,0
CONSPIRACY,0
CONSPIRATOR,0
CONSPIRATORIAL,0
CONSPIRATORS,0
CONSPIRE,0
CONSPIRED,0
CONSPIRES,0
CONSPIRING,0
CONSTRUE,0
CONSTRUED,0
CONSTRUES,0
CONSTRUING,0
CONTEMPT,0
CONTEND,0
CONTENDED,0
CONTENDING,0
CONTENDS,0
CONTENTION,0
CONTENTIONS,0
CONTENTIOUS,0
CONTENTIOUSLY,0
CONTESTED,0
CONTESTING,0
CONTRACTION,0
CONTRACTIONS,0
CONTRADICT,0
CONTRADICTED,0
CONTRADICTING,0
CONTRADICTION,0
CONTRADICTIONS,0
CONTRADICTORY,0
CONTRADICTS,0
CONTRARY,0
CONTROVERSIAL,0
CONTROVERSIES,0
CONTROVERSY,0
CONVICT,0
CONVICTED,0
CONVICTING,0
CONVICTION,0
CONVICTIONS,0
CORRECTED,0
CORRECTING,0
CORRECTION,0
CORRECTIONS,0
CORRECTS,0
CORRUPT,0
CORRUPTED,0
CORRUPTING,0
CORRUPTION,0
CORRUPTIONS,0
CORRUPTLY,0
CORRUPTNESS,0
COSTLY,0
COUNTERCLAIM,0
COUNTERCLAIMED,0
COUNTERCLAIMING,0
COUNTERCLAIMS,0
COUNTERFEIT,0
COUNTERFEITED,0
COUNTERFEITER,0
COUNTERFEITERS,0
COUNTERFEITING,0
COUNTERFEITS,0
COUNTERMEASURE,0
COUNTERMEASURES,0
CRIME,0
CRIMES,0
CRIMINAL,0
CRIMINALLY,0
CRIMINALS,0
CRISES,0
CRISIS,0
CRITICAL,0
CRITICALLY,0
CRITICISM,0
CRITICISMS,0
CRITICIZE,0
CRITICIZED,0
CRITICIZES,0
CRITICIZING,0
CRUCIAL,0
CRUCIALLY,0
CULPABILITY,0
CULPABLE,0
CULPABLY,0
CUMBERSOME,0
CURTAIL,0
CURTAILED,0
CURTAILING,0
CURTAILMENT,0
CURTAILMENTS,0
CURTAILS,0
CUT,0
CUTBACK,0
CUTBACKS,0
DAMAGE,0
DAMAGED,0
DAMAGES,0
DAMAGING,0
DAMPEN,0
DAMPENED,0
DANGER,0
DANGEROUS,0
DANGEROUSLY,0
DANGERS,0
DEADLOCK,0
DEADLOCKED,0
DEADLOCKING,0
DEADLOCKS,0
DEADWEIGHT,0
DEADWEIGHTS,0
DEBARMENT,0
DEBARMENTS,0
DEBARRED,0
DECEASED,0
DECEIT,0
DECEITFUL,0
DECEITFULNESS,0
DECEIVE,0
DECEIVED,0
DECEIVES,0
DECEIVING,0
DECEPTION,0
DECEPTIONS,0
DECEPTIVE,0
DECEPTIVELY,0
DECLINE,0
DECLINED,0
DECLINES,0
DECLINING,0
DEEPENED,0
DEEPENING,0
DEEPENS,0
DEEPER,0
DEEPEST,0
DEFACE,0
DEFACED,0
DEFACEMENT,0
DEFAMATION,0
DEFAMATIONS,0
DEFAMATORY,0
DEFAME,0
DEFAMED,0
DEFAMES,0
DEFAMING,0
DEFAULT,0
DEFAULTED,0
DEFAULTING,0
DEFAULTS,0
DEFEAT,0
DEFEATED,0
DEFEATING,0
DEFEATS,0
DEFECT,0
DEFECTIVE,0
DEFECTS,0
DEFEND,0
DEFENDANT,0
DEFENDANTS,0
DEFENDED,0
DEFENDING,0
DEFENDS,0
DEFENSIVE,0
DEFER,0
DEFICIENCIES,0
DEFICIENCY,0
DEFICIENT,0
DEFICIT,0
DEFICITS,0
DEFRAUD,0
DEFRAUDED,0
DEFRAUDING,0
DEFRAUDS,0
DEFUNCT,0
DEGRADATION,0
DEGRADATIONS,0
DEGRADE,0
DEGRADED,0
DEGRADES,0
DEGRADING,0
DELAY,0
DELAYED,0
DELAYING,0
DELAYS,0
DELETERIOUS,0
DELIBERATE,0
DELIBERATED,0
DELIBERATELY,0
DELINQUENCIES,0
DELINQUENCY,0
DELINQUENT,0
DELINQUENTLY,0
DELINQUENTS,0
DELIST,0
DELISTED,0
DELISTING,0
DELISTS,0
DEMISE,0
DEMISED,0
DEMISES,0
DEMISING,0
DEMOLISH,0
DEMOLISHED,0
DEMOLISHES,0
DEMOLISHING,0
DEMOLITION,0
DEMOLITIONS,0
DEMOTE,0
DEMOTED,0
DEMOTES,0
DEMOTING,0
DEMOTION,0
DEMOTIONS,0
DENIAL,0
DENIALS,0
DENIED,0
DENIES,0
DENIGRATE,0
DENIGRATED,0
DENIGRATES,0
DENIGRATING,0
DENIGRATION,0
DENY,0
DENYING,0
DEPLETE,0
DEPLETED,0
DEPLETES,0
DEPLETING,0
DEPLETION,0
DEPLETIONS,0
DEPRECATION,0
DEPRESS,0
DEPRESSED,0
DEPRESSES,0
DEPRESSING,0
DEPRIVATION,0
DEPRIVE,0
DEPRIVED,0
DEPRIVES,0
DEPRIVING,0
DERELICT,0
DERELICTION,0
DEROGATORY,0
DESTABILIZATION,0
DESTABILIZE,0
DESTABILIZED,0
DESTABILIZING,0
DESTROY,0
DESTROYED,0
DESTROYING,0
DESTROYS,0
DESTRUCTION,0
DESTRUCTIVE,0
DETAIN,0
DETAINED,0
DETENTION,0
DETENTIONS,0
DETER,0
DETERIORATE,0
DETERIORATED,0
DETERIORATES,0
DETERIORATING,0
DETERIORATION,0
DETERIORATIONS,0
DETERRED,0
DETERRENCE,0
DETERRENCES,0
DETERRENT,0
DETERRENTS,0
DETERRING,0
DETERS,0
DETRACT,0
DETRACTED,0
DETRACTING,0
DETRIMENT,0
DETRIMENTAL,0
DETRIMENTALLY,0
DETRIMENTS,0
DEVALUE,0
DEVALUED,0
DEVALUES,0
DEVALUING,0
DEVASTATE,0
DEVASTATED,0
DEVASTATING,0
DEVASTATION,0
DEVIATE,0
DEVIATED,0
DEVIATES,0
DEVIATING,0
DEVIATION,0
DEVIATIONS,0
DEVOLVE,0
DEVOLVED,0
DEVOLVES,0
DEVOLVING,0
DIFFICULT,0
DIFFICULTIES,0
DIFFICULTLY,0
DIFFICULTY,0
DIMINISH,0
DIMINISHED,0
DIMINISHES,0
DIMINISHING,0
DIMINUTION,0
DISADVANTAGE,0
DISADVANTAGED,0
DISADVANTAGEOUS,0
DISADVANTAGES,0
DISAFFILIATION,0
DISAGREE,0
DISAGREEABLE,0
DISAGREED,0
DISAGREEING,0
DISAGREEMENT,0
DISAGREEMENTS,0
DISAGREES,0
DISALLOW,0
DISALLOWANCE,0
DISALLOWANCES,0
DISALLOWED,0
DISALLOWING,0
DISALLOWS,0
DISAPPEAR,0
DISAPPEARANCE,0
DISAPPEARANCES,0
DISAPPEARED,0
DISAPPEARING,0
DISAPPEARS,0
DISAPPOINT,0
DISAPPOINTED,0
DISAPPOINTING,0
DISAPPOINTINGLY,0
DISAPPOINTMENT,0
DISAPPOINTMENTS,0
DISAPPOINTS,0
DISAPPROVAL,0
DISAPPROVALS,0
DISAPPROVE,0
DISAPPROVED,0
DISAPPROVES,0
DISAPPROVING,0
DISASSOCIATES,0
DISASSOCIATING,0
DISASSOCIATION,0
DISASSOCIATIONS,0
DISASTER,0
DISASTERS,0
DISASTROUS,0
DISASTROUSLY,0
DISAVOW,0
DISAVOWAL,0
DISAVOWED,0
DISAVOWING,0
DISAVOWS,0
DISCIPLINARY,0
DISCLAIM,0
DISCLAIMED,0
DISCLAIMER,0
DISCLAIMERS,0
DISCLAIMING,0
DISCLAIMS,0
DISCLOSE,0
DISCLOSED,0
DISCLOSES,0
DISCLOSING,0
DISCONTINUANCE,0
DISCONTINUANCES,0
DISCONTINUATION,0
DISCONTINUATIONS,0
DISCONTINUE,0
DISCONTINUED,0
DISCONTINUES,0
DISCONTINUING,0
DISCOURAGE,0
DISCOURAGED,0
DISCOURAGES,0
DISCOURAGING,0
DISCREDIT,0
DISCREDITED,0
DISCREDITING,0
DISCREDITS,0
DISCREPANCIES,0
DISCREPANCY,0
DISFAVOR,0
DISFAVORED,0
DISFAVORING,0
DISFAVORS,0
DISGORGE,0
DISGORGED,0
DISGORGEMENT,0
DISGORGEMENTS,0
DISGORGES,0
DISGORGING,0
DISGRACE,0
DISGRACEFUL,0
DISGRACEFULLY,0
DISHONEST,0
DISHONESTLY,0
DISHONESTY,0
DISHONOR,0
DISHONORABLE,0
DISHONORABLY,0
DISHONORED,0
DISHONORING,0
DISHONORS,0
DISINCENTIVES,0
DISINTERESTED,0
DISINTERESTEDLY,0
DISINTERESTEDNESS,0
DISLOYAL,0
DISLOYALLY,0
DISLOYALTY,0
DISMAL,0
DISMALLY,0
DISMISS,0
DISMISSAL,0
DISMISSALS,0
DISMISSED,0
DISMISSES,0
DISMISSING,0
DISORDERLY,0
DISPARAGE,0
DISPARAGED,0
DISPARAGEMENT,0
DISPARAGEMENTS,0
DISPARAGES,0
DISPARAGING,0
DISPARAGINGLY,0
DISPARITIES,0
DISPARITY,0
DISPLACE,0
DISPLACED,0
DISPLACEMENT,0
DISPLACEMENTS,0
DISPLACES,0
DISPLACING,0
DISPOSE,0
DISPOSSESS,0
DISPOSSESSED,0
DISPOSSESSES,0
DISPOSSESSING,0
DISPROPORTION,0
DISPROPORTIONAL,0
DISPROPORTIONATE,0
DISPROPORTIONATELY,0
DISPUTE,0
DISPUTED,0
DISPUTES,0
DISPUTING,0
DISQUALIFICATION,0
DISQUALIFICATIONS,0
DISQUALIFIED,0
DISQUALIFIES,0
DISQUALIFY,0
DISQUALIFYING,0
DISREGARD,0
DISREGARDED,0
DISREGARDING,0
DISREGARDS,0
DISREPUTABLE,0
DISREPUTE,0
DISRUPT,0
DISRUPTED,0
DISRUPTING,0
DISRUPTION,0
DISRUPTIONS,0
DISRUPTIVE,0
DISRUPTS,0
DISSATISFACTION,0
DISSATISFIED,0
DISSENT,0
DISSENTED,0
DISSENTER,0
DISSENTERS,0
DISSENTING,0
DISSENTS,0
DISSIDENT,0
DISSIDENTS,0
DISSOLUTION,0
DISSOLUTIONS,0
DISTORT,0
DISTORTED,0
DISTORTING,0
DISTORTION,0
DISTORTIONS,0
DISTORTS,0
DISTRACT,0
DISTRACTED,0
DISTRACTING,0
DISTRACTION,0
DISTRACTIONS,0
DISTRACTS,0
DISTRESS,0
DISTRESSED,0
DISTURB,0
DISTURBANCE,0
DISTURBANCES,0
DISTURBED,0
DISTURBING,0
DISTURBS,0
DIVERSION,0
DIVERT,0
DIVERTED,0
DIVERTING,0
DIVERTS,0
DIVEST,0
DIVESTED,0
DIVESTING,0
DIVESTITURE,0
DIVESTITURES,0
DIVESTMENT,0
DIVESTMENTS,0
DIVESTS,0
DIVORCE,0
DIVORCED,0
DIVULGE,0
DIVULGED,0
DIVULGES,0
DIVULGING,0
DOUBT,0
DOUBTED,0
DOUBTFUL,0
DOUBTS,0
DOWNGRADE,0
DOWNGRADED,0
DOWNGRADES,0
DOWNGRADING,0
DOWNSIZE,0
DOWNSIZED,0
DOWNSIZES,0
DOWNSIZING,0
DOWNSIZINGS,0
DOWNTIME,0
DOWNTIMES,0
DOWNTURN,0
DOWNTURNS,0
DOWNWARD,0
DOWNWARDS,0
DRAG,0
DRASTIC,0
DRASTICALLY,0
DRAWBACK,0
DRAWBACKS,0
DROPPED,0
DROUGHT,0
DROUGHTS,0
DURESS,0
DYSFUNCTION,0
DYSFUNCTIONAL,0
DYSFUNCTIONS,0
EASING,0
EGREGIOUS,0
EGREGIOUSLY,0
EMBARGO,0
EMBARGOED,0
EMBARGOES,0
EMBARGOING,0
EMBARRASS,0
EMBARRASSED,0
EMBARRASSES,0
EMBARRASSING,0
EMBARRASSMENT,0
EMBARRASSMENTS,0
EMBEZZLE,0
EMBEZZLED,0
EMBEZZLEMENT,0
EMBEZZLEMENTS,0
EMBEZZLER,0
EMBEZZLES,0
EMBEZZLING,0
ENCROACH,0
ENCROACHED,0
ENCROACHES,0
ENCROACHING,0
ENCROACHMENT,0
ENCROACHMENTS,0
ENCUMBER,0
ENCUMBERED,0
ENCUMBERING,0
ENCUMBERS,0
ENCUMBRANCE,0
ENCUMBRANCES,0
ENDANGER,0
ENDANGERED,0
ENDANGERING,0
ENDANGERMENT,0
ENDANGERS,0
ENJOIN,0
ENJOINED,0
ENJOINING,0
ENJOINS,0
ERODE,0
ERODED,0
ERODES,0
ERODING,0
EROSION,0
ERRATIC,0
ERRATICALLY,0
ERRED,0
ERRING,0
ERRONEOUS,0
ERRONEOUSLY,0
ERROR,0
ERRORS,0
ERRS,0
ESCALATE,0
ESCALATED,0
ESCALATES,0
ESCALATING,0
EVADE,0
EVADED,0
EVADES,0
EVADING,0
EVASION,0
EVASIONS,0
EVASIVE,0
EVICT,0
EVICTED,0
EVICTING,0
EVICTION,0
EVICTIONS,0
EVICTS,0
EXACERBATE,0
EXACERBATED,0
EXACERBATES,0
EXACERBATING,0
EXACERBATION,0
EXACERBATIONS,0
EXAGGERATE,0
EXAGGERATED,0
EXAGGERATES,0
EXAGGERATING,0
EXAGGERATION,0
EXCESSIVE,0
EXCESSIVELY,0
EXCULPATE,0
EXCULPATED,0
EXCULPATES,0
EXCULPATING,0
EXCULPATION,0
EXCULPATIONS,0
EXCULPATORY,0
EXONERATE,0
EXONERATED,0
EXONERATES,0
EXONERATING,0
EXONERATION,0
EXONERATIONS,0
EXPLOIT,0
EXPLOITATION,0
EXPLOITATIONS,0
EXPLOITATIVE,0
EXPLOITED,0
EXPLOITING,0
EXPLOITS,0
EXPOSE,0
EXPOSED,0
EXPOSES,0
EXPOSING,0
EXPROPRIATE,0
EXPROPRIATED,0
EXPROPRIATES,0
EXPROPRIATING,0
EXPROPRIATION,0
EXPROPRIATIONS,0
EXPULSION,0
EXPULSIONS,0
EXTENUATING,0
FAIL,0
FAILED,0
FAILING,0
FAILINGS,0
FAILS,0
FAILURE,0
FAILURES,0
FALLOUT,0
FALSE,0
FALSELY,0
FALSIFICATION,0
FALSIFICATIONS,0
FALSIFIED,0
FALSIFIES,0
FALSIFY,0
FALSIFYING,0
FALSITY,0
FATALITIES,0
FATALITY,0
FATALLY,0
FAULT,0
FAULTED,0
FAULTS,0
FAULTY,0
FEAR,0
FEARS,0
FELONIES,0
FELONIOUS,0
FELONY,0
FICTITIOUS,0
FINED,0
FINES,0
FIRED,0
FIRING,0
FLAW,0
FLAWED,0
FLAWS,0
FORBID,0
FORBIDDEN,0
FORBIDDING,0
FORBIDS,0
FORCE,0
FORCED,0
FORCING,0
FORECLOSE,0
FORECLOSED,0
FORECLOSES,0
FORECLOSING,0
FORECLOSURE,0
FORECLOSURES,0
FOREGO,0
FOREGOES,0
FOREGOING,0
FOREGONE,0
FORESTALL,0
FORESTALLED,0
FORESTALLING,0
FORESTALLS,0
FORFEIT,0
FORFEITED,0
FORFEITING,0
FORFEITS,0
FORFEITURE,0
FORFEITURES,0
FORGERS,0
FORGERY,0
FRAUD,0
FRAUDS,0
FRAUDULENCE,0
FRAUDULENT,0
FRAUDULENTLY,0
FRIVOLOUS,0
FRIVOLOUSLY,0
FRUSTRATE,0
FRUSTRATED,0
FRUSTRATES,0
FRUSTRATING,0
FRUSTRATINGLY,0
FRUSTRATION,0
FRUSTRATIONS,0
FUGITIVE,0
FUGITIVES,0
GRATUITOUS,0
GRATUITOUSLY,0
GRIEVANCE,0
GRIEVANCES,0
GROSSLY,0
GROUNDLESS,0
GUILTY,0
HALT,0
HALTED,0
HAMPER,0
HAMPERED,0
HAMPERING,0
HAMPERS,0
HARASS,0
HARASSED,0
HARASSING,0
HARASSMENT,0
HARDSHIP,0
HARDSHIPS,0
HARM,0
HARMED,0
HARMFUL,0
HARMFULLY,0
HARMING,0
HARMS,0
HARSH,0
HARSHER,0
HARSHEST,0
HARSHLY,0
HARSHNESS,0
HAZARD,0
HAZARDOUS,0
HAZARDS,0
HINDER,0
HINDERED,0
HINDERING,0
HINDERS,0
HINDRANCE,0
HINDRANCES,0
HOSTILE,0
HOSTILITY,0
HURT,0
HURTING,0
IDLE,0
IDLED,0
IDLING,0
IGNORE,0
IGNORED,0
IGNORES,0
IGNORING,0
ILL,0
ILLEGAL,0
ILLEGALITIES,0
ILLEGALITY,0
ILLEGALLY,0
ILLEGIBLE,0
ILLICIT,0
ILLICITLY,0
ILLIQUID,0
ILLIQUIDITY,0
IMBALANCE,0
IMBALANCES,0
IMMATURE,0
IMMORAL,0
IMPAIR,0
IMPAIRED,0
IMPAIRING,0
IMPAIRMENT,0
IMPAIRMENTS,0
IMPAIRS,0
IMPASSE,0
IMPASSES,0
IMPEDE,0
IMPEDED,0
IMPEDES,0
IMPEDIMENT,0
IMPEDIMENTS,0
IMPEDING,0
IMPENDING,0
IMPERATIVE,0
IMPERFECTION,0
IMPERFECTIONS,0
IMPERIL,0
IMPERMISSIBLE,0
IMPLICATE,0
IMPLICATED,0
IMPLICATES,0
IMPLICATING,0
IMPOSSIBILITY,0
IMPOSSIBLE,0
IMPOUND,0
IMPOUNDED,0
IMPOUNDING,0
IMPOUNDS,0
IMPRACTICABLE,0
IMPRACTICAL,0
IMPRACTICALITIES,0
IMPRACTICALITY,0
IMPRISONMENT,0
IMPROPER,0
IMPROPERLY,0
IMPROPRIETIES,0
IMPROPRIETY,0
IMPRUDENT,0
IMPRUDENTLY,0
INABILITY,0
INACCESSIBLE,0
INACCURACIES,0
INACCURACY,0
INACCURATE,0
INACCURATELY,0
INACTION,0
INACTIONS,0
INACTIVATE,0
INACTIVATED,0
INACTIVATES,0
INACTIVATING,0
INACTIVATION,0
INACTIVATIONS,0
INACTIVITY,0
INADEQUACIES,0
INADEQUACY,0
INADEQUATE,0
INADEQUATELY,0
INADVERTENT,0
INADVERTENTLY,0
INADVISABILITY,0
INADVISABLE,0
INAPPLICABLE,0
INAPPROPRIATE,0
INAPPROPRIATELY,0
INATTENTION,0
INCAPABLE,0
INCAPACITATED,0
INCAPACITY,0
INCARCERATE,0
INCARCERATED,0
INCARCERATES,0
INCARCERATING,0
INCARCERATION,0
INCARCERATIONS,0
INCIDENCE,0
INCIDENCES,0
INCIDENT,0
INCIDENTS,0
INCOMPATIBILITIES,0
INCOMPATIBILITY,0
INCOMPATIBLE,0
INCOMPETENCE,0
INCOMPETENCY,0
INCOMPETENT,0
INCOMPETENTLY,0
INCOMPETENTS,0
INCOMPLETE,0
INCOMPLETELY,0
INCOMPLETENESS,0
INCONCLUSIVE,0
INCONSISTENCIES,0
INCONSISTENCY,0
INCONSISTENT,0
INCONSISTENTLY,0
INCONVENIENCE,0
INCONVENIENCES,0
INCONVENIENT,0
INCORRECT,0
INCORRECTLY,0
INCORRECTNESS,0
INDECENCY,0
INDECENT,0
INDEFEASIBLE,0
INDEFEASIBLY,0
INDICT,0
INDICTABLE,0
INDICTED,0
INDICTING,0
INDICTMENT,0
INDICTMENTS,0
INEFFECTIVE,0
INEFFECTIVELY,0
INEFFECTIVENESS,0
INEFFICIENCIES,0
INEFFICIENCY,0
INEFFICIENT,0
INEFFICIENTLY,0
INELIGIBILITY,0
INELIGIBLE,0
INEQUITABLE,0
INEQUITABLY,0
INEQUITIES,0
INEQUITY,0
INEVITABLE,0
INEXPERIENCE,0
INEXPERIENCED,0
INFERIOR,0
INFLICTED,0
INFRACTION,0
INFRACTIONS,0
INFRINGE,0
INFRINGED,0
INFRINGEMENT,0
INFRINGEMENTS,0
INFRINGES,0
INFRINGING,0
INHIBITED,0
INIMICAL,0
INJUNCTION,0
INJUNCTIONS,0
INJURE,0
INJURED,0
INJURES,0
INJURIES,0
INJURING,0
INJURIOUS,0
INJURY,0
INORDINATE,0
INORDINATELY,0
INQUIRY,0
INSECURE,0
INSENSITIVE,0
INSOLVENCIES,0
INSOLVENCY,0
INSOLVENT,0
INSTABILITY,0
INSUBORDINATION,0
INSUFFICIENCY,0
INSUFFICIENT,0
INSUFFICIENTLY,0
INSURRECTION,0
INSURRECTIONS,0
INTENTIONAL,0
INTERFERE,0
INTERFERED,0
INTERFERENCE,0
INTERFERENCES,0
INTERFERES,0
INTERFERING,0
INTERMITTENT,0
INTERMITTENTLY,0
INTERRUPT,0
INTERRUPTED,0
INTERRUPTING,0
INTERRUPTION,0
INTERRUPTIONS,0
INTERRUPTS,0
INTIMIDATION,0
INTRUSION,0
INVALID,0
INVALIDATE,0
INVALIDATED,0
INVALIDATES,0
INVALIDATING,0
INVALIDATION,0
INVALIDITY,0
INVESTIGATE,0
INVESTIGATED,0
INVESTIGATES,0
INVESTIGATING,0
INVESTIGATION,0
INVESTIGATIONS,0
INVOLUNTARILY,0
INVOLUNTARY,0
IRRECONCILABLE,0
IRRECONCILABLY,0
IRRECOVERABLE,0
IRRECOVERABLY,0
IRREGULAR,0
IRREGULARITIES,0
IRREGULARITY,0
IRREGULARLY,0
IRREPARABLE,0
IRREPARABLY,0
IRREVERSIBLE,0
JEOPARDIZE,0
JEOPARDIZED,0
JUSTIFIABLE,0
KICKBACK,0
KICKBACKS,0
KNOWINGLY,0
LACK,0
LACKED,0
LACKING,0
LACKLUSTER,0
LACKS,0
LAG,0
LAGGED,0
LAGGING,0
LAGS,0
LAPSE,0
LAPSED,0
LAPSES,0
LAPSING,0
LATE,0
LAUNDERING,0
LAYOFF,0
LAYOFFS,0
LIE,0
LIMITATION,0
LIMITATIONS,0
LINGERING,0
LIQUIDATE,0
LIQUIDATED,0
LIQUIDATES,0
LIQUIDATING,0
LIQUIDATION,0
LIQUIDATIONS,0
LIQUIDATOR,0
LIQUIDATORS,0
LITIGANT,0
LITIGANTS,0
LITIGATE,0
LITIGATED,0
LITIGATES,0
LITIGATING,0
LITIGATION,0
LITIGATIONS,0
LOCKOUT,0
LOCKOUTS,0
LOSE,0
LOSES,0
LOSING,0
LOSS,0
LOSSES,0
LOST,0
LYING,0
MALFEASANCE,0
MALFUNCTION,0
MALFUNCTIONED,0
MALFUNCTIONING,0
MALFUNCTIONS,0
MALICE,0
MALICIOUS,0
MALICIOUSLY,0
MALPRACTICE,0
MANIPULATE,0
MANIPULATED,0
MANIPULATES,0
MANIPULATING,0
MANIPULATION,0
MANIPULATIONS,0
MANIPULATIVE,0
MARKDOWN,0
MARKDOWNS,0
MISAPPLICATION,0
MISAPPLICATIONS,0
MISAPPLIED,0
MISAPPLIES,0
MISAPPLY,0
MISAPPLYING,0
MISAPPROPRIATE,0
MISAPPROPRIATED,0
MISAPPROPRIATES,0
MISAPPROPRIATING,0
MISAPPROPRIATION,0
MISAPPROPRIATIONS,0
MISBRANDED,0
MISCALCULATE,0
MISCALCULATED,0
MISCALCULATES,0
MISCALCULATING,0
MISCALCULATION,0
MISCALCULATIONS,0
MISCHIEF,0
MISCLASSIFICATION,0
MISCLASSIFIED,0
MISCONDUCT,0
MISDATED,0
MISDEMEANOR,0
MISDEMEANORS,0
MISDIRECTED,0
MISHANDLE,0
MISHANDLED,0
MISHANDLES,0
MISHANDLING,0
MISINFORM,0
MISINFORMATION,0
MISINFORMED,0
MISINFORMING,0
MISINFORMS,0
MISINTERPRET,0
MISINTERPRETATION,0
MISINTERPRETATIONS,0
MISINTERPRETED,0
MISINTERPRETING,0
MISINTERPRETS,0
MISJUDGE,0
MISJUDGED,0
MISJUDGES,0
MISJUDGING,0
MISJUDGMENT,0
MISJUDGMENTS,0
MISLABEL,0
MISLABELED,0
MISLABELING,0
MISLABELLED,0
MISLABELS,0
MISLEAD,0
MISLEADING,0
MISLEADINGLY,0
MISLEADS,0
MISLED,0
MISMANAGE,0
MISMANAGED,0
MISMANAGEMENT,0
MISMANAGES,0
MISMANAGING,0
MISMATCH,0
MISMATCHED,0
MISMATCHES,0
MISMATCHING,0
MISPLACED,0
MISREPRESENT,0
MISREPRESENTATION,0
MISREPRESENTATIONS,0
MISREPRESENTED,0
MISREPRESENTING,0
MISREPRESENTS,0
MISS,0
MISSED,0
MISSES,0
MISSTATE,0
MISSTATED,0
MISSTATEMENT,0
MISSTATEMENTS,0
MISSTATES,0
MISSTATING,0
MISSTEP,0
MISSTEPS,0
MISTAKE,0
MISTAKEN,0
MISTAKENLY,0
MISTAKES,0
MISTAKING,0
MISTRIAL,0
MISTRIALS,0
MISUNDERSTAND,0
MISUNDERSTANDING,0
MISUNDERSTANDINGS,0
MISUNDERSTOOD,0
MISUSE,0
MISUSED,0
MISUSES,0
MISUSING,0
MONOPOLISTIC,0
MONOPOLISTS,0
MONOPOLIZATION,0
MONOPOLIZE,0
MONOPOLIZED,0
MONOPOLIZES,0
MONOPOLIZING,0
MONOPOLY,0
MORATORIA,0
MORATORIUM,0
MORATORIUMS,0
MOTHBALLED,0
MOTHBALLING,0
NEGATIVE,0
NEGATIVELY,0
NEGATIVES,0
NEGLECT,0
NEGLECTED,0
NEGLECTFUL,0
NEGLECTING,0
NEGLECTS,0
NEGLIGENCE,0
NEGLIGENCES,0
NEGLIGENT,0
NEGLIGENTLY,0
NONATTAINMENT,0
NONCOMPETITIVE,0
NONCOMPLIANCE,0
NONCOMPLIANCES,0
NONCOMPLIANT,0
NONCOMPLYING,0
NONCONFORMING,0
NONCONFORMITIES,0
NONCONFORMITY,0
NONDISCLOSURE,0
NONFUNCTIONAL,0
NONPAYMENT,0
NONPAYMENTS,0
NONPERFORMANCE,0
NONPERFORMANCES,0
NONPERFORMING,0
NONPRODUCING,0
NONPRODUCTIVE,0
NONRECOVERABLE,0
NONRENEWAL,0
NUISANCE,0
NUISANCES,0
NULLIFICATION,0
NULLIFICATIONS,0
NULLIFIED,0
NULLIFIES,0
NULLIFY,0
NULLIFYING,0
OBJECTED,0
OBJECTING,0
OBJECTION,0
OBJECTIONABLE,0
OBJECTIONABLY,0
OBJECTIONS,0
OBSCENE,0
OBSCENITY,0
OBSOLESCENCE,0
OBSOLETE,0
OBSTACLE,0
OBSTACLES,0
OBSTRUCT,0
OBSTRUCTED,0
OBSTRUCTING,0
OBSTRUCTION,0
OBSTRUCTIONS,0
OFFENCE,0
OFFENCES,0
OFFEND,0
OFFENDED,0
OFFENDER,0
OFFENDERS,0
OFFENDING,0
OFFENDS,0
OMISSION,0
OMISSIONS,0
OMIT,0
OMITS,0
OMITTED,0
OMITTING,0
ONEROUS,0
OPPORTUNISTIC,0
OPPORTUNISTICALLY,0
OPPOSE,0
OPPOSED,0
OPPOSES,0
OPPOSING,0
OPPOSITION,0
OPPOSITIONS,0
OUTAGE,0
OUTAGES,0
OUTDATED,0
OUTMODED,0
OVERAGE,0
OVERAGES,0
OVERBUILD,0
OVERBUILDING,0
OVERBUILDS,0
OVERBUILT,0
OVERBURDEN,0
OVERBURDENED,0
OVERBURDENING,0
OVERCAPACITIES,0
OVERCAPACITY,0
OVERCHARGE,0
OVERCHARGED,0
OVERCHARGES,0
OVERCHARGING,0
OVERCOME,0
OVERCOMES,0
OVERCOMING,0
OVERDUE,0
OVERESTIMATE,0
OVERESTIMATED,0
OVERESTIMATES,0
OVERESTIMATING,0
OVERESTIMATION,0
OVERESTIMATIONS,0
OVERLOAD,0
OVERLOADED,0
OVERLOADING,0
OVERLOADS,0
OVERLOOK,0
OVERLOOKED,0
OVERLOOKING,0
OVERLOOKS,0
OVERPAID,0
OVERPAYMENT,0
OVERPAYMENTS,0
OVERPRODUCED,0
OVERPRODUCES,0
OVERPRODUCING,0
OVERPRODUCTION,0
OVERRUN,0
OVERRUNNING,0
OVERRUNS,0
OVERSHADOW,0
OVERSHADOWED,0
OVERSHADOWING,0
OVERSHADOWS,0
OVERSTATE,0
OVERSTATED,0
OVERSTATEMENT,0
OVERSTATEMENTS,0
OVERSTATES,0
OVERSTATING,0
OVERSUPPLIED,0
OVERSUPPLIES,0
OVERSUPPLY,0
OVERSUPPLYING,0
OVERTLY,0
OVERTURN,0
OVERTURNED,0
OVERTURNING,0
OVERTURNS,0
OVERVALUE,0
OVERVALUED,0
OVERVALUING,0
PANIC,0
PANICS,0
PENALIZE,0
PENALIZED,0
PENALIZES,0
PENALIZING,0
PENALTIES,0
PENALTY,0
PERIL,0
PERILS,0
PERJURY,0
PERPETRATE,0
PERPETRATED,0
PERPETRATES,0
PERPETRATING,0
PERPETRATION,0
PERSIST,0
PERSISTED,0
PERSISTENCE,0
PERSISTENT,0
PERSISTENTLY,0
PERSISTING,0
PERSISTS,0
PERVASIVE,0
PERVASIVELY,0
PERVASIVENESS,0
PETTY,0
PICKET,0
PICKETED,0
PICKETING,0
PLAINTIFF,0
PLAINTIFFS,0
PLEA,0
PLEAD,0
PLEADED,0
PLEADING,0
PLEADINGS,0
PLEADS,0
PLEAS,0
PLED,0
POOR,0
POORLY,0
POSES,0
POSING,0
POSTPONE,0
POSTPONED,0
POSTPONEMENT,0
POSTPONEMENTS,0
POSTPONES,0
POSTPONING,0
PRECIPITATED,0
PRECIPITOUS,0
PRECIPITOUSLY,0
PRECLUDE,0
PRECLUDED,0
PRECLUDES,0
PRECLUDING,0
PREDATORY,0
PREJUDICE,0
PREJUDICED,0
PREJUDICES,0
PREJUDICIAL,0
PREJUDICING,0
PREMATURE,0
PREMATURELY,0
PRESSING,0
PRETRIAL,0
PREVENTING,0
PREVENTION,0
PREVENTS,0
PROBLEM,0
PROBLEMATIC,0
PROBLEMATICAL,0
PROBLEMS,0
PROLONG,0
PROLONGATION,0
PROLONGATIONS,0
PROLONGED,0
PROLONGING,0
PROLONGS,0
PRONE,0
PROSECUTE,0
PROSECUTED,0
PROSECUTES,0
PROSECUTING,0
PROSECUTION,0
PROSECUTIONS,0
PROTEST,0
PROTESTED,0
PROTESTER,0
PROTESTERS,0
PROTESTING,0
PROTESTOR,0
PROTESTORS,0
PROTESTS,0
PROTRACTED,0
PROTRACTION,0
PROVOKE,0
PROVOKED,0
PROVOKES,0
PROVOKING,0
PUNISHED,0
PUNISHES,0
PUNISHING,0
PUNISHMENT,0
PUNISHMENTS,0
PUNITIVE,0
PURPORT,0
PURPORTED,0
PURPORTEDLY,0
PURPORTING,0
PURPORTS,0
QUESTION,0
QUESTIONABLE,0
QUESTIONABLY,0
QUESTIONED,0
QUESTIONING,0
QUESTIONS,0
QUIT,0
QUITTING,0
RACKETEER,0
RACKETEERING,0
RATIONALIZATION,0
RATIONALIZATIONS,0
RATIONALIZE,0
RATIONALIZED,0
RATIONALIZES,0
RATIONALIZING,0
REASSESSMENT,0
REASSESSMENTS,0
REASSIGN,0
REASSIGNED,0
REASSIGNING,0
REASSIGNMENT,0
REASSIGNMENTS,0
REASSIGNS,0
RECALL,0
RECALLED,0
RECALLING,0
RECALLS,0
RECESSION,0
RECESSIONARY,0
RECESSIONS,0
RECKLESS,0
RECKLESSLY,0
RECKLESSNESS,0
REDACT,0
REDACTED,0
REDACTING,0
REDACTION,0
REDACTIONS,0
REDRESS,0
REDRESSED,0
REDRESSES,0
REDRESSING,0
REFINANCE,0
REFINANCED,0
REFINANCES,0
REFINANCING,0
REFINANCINGS,0
REFUSAL,0
REFUSALS,0
REFUSE,0
REFUSED,0
REFUSES,0
REFUSING,0
REJECT,0
REJECTED,0
REJECTING,0
REJECTION,0
REJECTIONS,0
REJECTS,0
RELINQUISH,0
RELINQUISHED,0
RELINQUISHES,0
RELINQUISHING,0
RELINQUISHMENT,0
RELINQUISHMENTS,0
RELUCTANCE,0
RELUCTANT,0
RENEGOTIATE,0
RENEGOTIATED,0
RENEGOTIATES,0
RENEGOTIATING,0
RENEGOTIATION,0
RENEGOTIATIONS,0
RENOUNCE,0
RENOUNCED,0
RENOUNCEMENT,0
RENOUNCEMENTS,0
RENOUNCES,0
RENOUNCING,0
REPARATION,0
REPARATIONS,0
REPOSSESSED,0
REPOSSESSES,0
REPOSSESSING,0
REPOSSESSION,0
REPOSSESSIONS,0
REPUDIATE,0
REPUDIATED,0
REPUDIATES,0
REPUDIATING,0
REPUDIATION,0
REPUDIATIONS,0
RESIGN,0
RESIGNATION,0
RESIGNATIONS,0
RESIGNED,0
RESIGNING,0
RESIGNS,0
RESTATE,0
RESTATED,0
RESTATEMENT,0
RESTATEMENTS,0
RESTATES,0
RESTATING,0
RESTRUCTURE,0
RESTRUCTURED,0
RESTRUCTURES,0
RESTRUCTURING,0
RESTRUCTURINGS,0
RETALIATE,0
RETALIATED,0
RETALIATES,0
RETALIATING,0
RETALIATION,0
RETALIATIONS,0
RETALIATORY,0
RETRIBUTION,0
RETRIBUTIONS,0
REVOCATION,0
REVOCATIONS,0
REVOKE,0
REVOKED,0
REVOKES,0
REVOKING,0
RIDICULE,0
RIDICULED,0
RIDICULES,0
RIDICULING,0
RISKIER,0
RISKIEST,0
RISKY,0
SABOTAGE,0
SACRIFICE,0
SACRIFICED,0
SACRIFICES,0
SACRIFICIAL,0
SACRIFICING,0
SCANDALOUS,0
SCANDALS,0
SCRUTINIZE,0
SCRUTINIZED,0
SCRUTINIZES,0
SCRUTINIZING,0
SCRUTINY,0
SECRECY,0
SEIZE,0
SEIZED,0
SEIZES,0
SEIZING,0
SENTENCED,0
SENTENCING,0
SERIOUS,0
SERIOUSLY,0
SERIOUSNESS,0
SETBACK,0
SETBACKS,0
SEVER,0
SEVERE,0
SEVERED,0
SEVERELY,0
SEVERITIES,0
SEVERITY,0
SHARPLY,0
SHOCKED,0
SHORTAGE,0
SHORTAGES,0
SHORTFALL,0
SHORTFALLS,0
SHRINKAGE,0
SHRINKAGES,0
SHUT,0
SHUTDOWN,0
SHUTDOWNS,0
SHUTS,0
SHUTTING,0
SLANDER,0
SLANDERED,0
SLANDEROUS,0
SLANDERS,0
SLIPPAGE,0
SLIPPAGES,0
SLOW,0
SLOWDOWN,0
SLOWDOWNS,0
SLOWED,0
SLOWER,0
SLOWEST,0
SLOWING,0
SLOWLY,0
SLOWNESS,0
SLUGGISH,0
SLUGGISHLY,0
SLUGGISHNESS,0
SOLVENCIES,0
SOLVENCY,0
STAGGERING,0
STAGNANT,0
STAGNATE,0
STAGNATED,0
STAGNATES,0
STAGNATING,0
STAGNATION,0
STANDSTILL,0
STANDSTILLS,0
STOLEN,0
STOPPAGE,0
STOPPAGES,0
STOPPED,0
STOPPING,0
STOPS,0
STRAIN,0
STRAINED,0
STRAINING,0
STRAINS,0
STRESS,0
STRESSED,0
STRESSES,0
STRESSFUL,0
STRESSING,0
STRINGENT,0
SUBJECTED,0
SUBJECTING,0
SUBJECTION,0
SUBPOENA,0
SUBPOENAED,0
SUBPOENAS,0
SUBSTANDARD,0
SUE,0
SUED,0
SUES,0
SUFFER,0
SUFFERED,0
SUFFERING,0
SUFFERS,0
SUING,0
SUMMONED,0
SUMMONING,0
SUMMONS,0
SUMMONSES,0
SURRENDER,0
SURRENDERED,0
SURRENDERING,0
SURRENDERS,0
SUSCEPTIBILITY,0
SUSCEPTIBLE,0
SUSPECT,0
SUSPECTED,0
SUSPECTS,0
SUSPEND,0
SUSPENDED,0
SUSPENDING,0
SUSPENDS,0
SUSPENSION,0
SUSPENSIONS,0
SUSPICION,0
SUSPICIONS,0
SUSPICIOUS,0
SUSPICIOUSLY,0
TAINT,0
TAINTED,0
TAINTING,0
TAINTS,0
TAMPERED,0
TENSE,0
TERMINATE,0
TERMINATED,0
TERMINATES,0
TERMINATING,0
TERMINATION,0
TERMINATIONS,0
TESTIFY,0
TESTIFYING,0
THREAT,0
THREATEN,0
THREATENED,0
THREATENING,0
THREATENS,0
THREATS,0
TIGHTENING,0
TOLERATE,0
TOLERATED,0
TOLERATES,0
TOLERATING,0
TOLERATION,0
TORTUOUS,0
TORTUOUSLY,0
TRAGEDIES,0
TRAGEDY,0
TRAGIC,0
TRAGICALLY,0
TRAUMATIC,0
TROUBLE,0
TROUBLED,0
TROUBLES,0
TURBULENCE,0
TURMOIL,0
UNABLE,0
UNACCEPTABLE,0
UNACCEPTABLY,0
UNACCOUNTED,0
UNANNOUNCED,0
UNANTICIPATED,0
UNAPPROVED,0
UNATTRACTIVE,0
UNAUTHORIZED,0
UNAVAILABILITY,0
UNAVAILABLE,0
UNAVOIDABLE,0
UNAVOIDABLY,0
UNAWARE,0
UNCOLLECTABLE,0
UNCOLLECTED,0
UNCOLLECTIBILITY,0
UNCOLLECTIBLE,0
UNCOLLECTIBLES,0
UNCOMPETITIVE,0
UNCOMPLETED,0
UNCONSCIONABLE,0
UNCONSCIONABLY,0
UNCONTROLLABLE,0
UNCONTROLLABLY,0
UNCONTROLLED,0
UNCORRECTED,0
UNCOVER,0
UNCOVERED,0
UNCOVERING,0
UNCOVERS,0
UNDELIVERABLE,0
UNDELIVERED,0
UNDERCAPITALIZED,0
UNDERCUT,0
UNDERCUTS,0
UNDERCUTTING,0
UNDERESTIMATE,0
UNDERESTIMATED,0
UNDERESTIMATES,0
UNDERESTIMATING,0
UNDERESTIMATION,0
UNDERFUNDED,0
UNDERINSURED,0
UNDERMINE,0
UNDERMINED,0
UNDERMINES,0
UNDERMINING,0
UNDERPAID,0
UNDERPAYMENT,0
UNDERPAYMENTS,0
UNDERPAYS,0
UNDERPERFORM,0
UNDERPERFORMANCE,0
UNDERPERFORMED,0
UNDERPERFORMING,0
UNDERPRODUCED,0
UNDERPRODUCTION,0
UNDERREPORTING,0
UNDERSTATE,0
UNDERSTATED,0
UNDERSTATEMENT,0
UNDERSTATEMENTS,0
UNDERSTATES,0
UNDERSTATING,0
UNDERUTILIZATION,0
UNDERUTILIZED,0
UNDESIRABLE,0
UNDESIRED,0
UNDETECTED,0
UNDETERMINED,0
UNDISCLOSED,0
UNDOCUMENTED,0
UNDUE,0
UNDULY,0
UNECONOMIC,0
UNECONOMICAL,0
UNECONOMICALLY,0
UNEMPLOYED,0
UNEMPLOYMENT,0
UNETHICAL,0
UNETHICALLY,0
UNEXCUSED,0
UNEXPECTED,0
UNEXPECTEDLY,0
UNFAIR,0
UNFAIRLY,0
UNFAVORABLE,0
UNFAVORABLY,0
UNFAVOURABLE,0
UNFEASIBLE,0
UNFIT,0
UNFITNESS,0
UNFORESEEABLE,0
UNFORESEEN,0
UNFORSEEN,0
UNFORTUNATE,0
UNFORTUNATELY,0
UNFOUNDED,0
UNFRIENDLY,0
UNFULFILLED,0
UNFUNDED,0
UNINSURED,0
UNINTENDED,0
UNINTENTIONAL,0
UNINTENTIONALLY,0
UNJUST,0
UNJUSTIFIABLE,0
UNJUSTIFIABLY,0
UNJUSTIFIED,0
UNJUSTLY,0
UNKNOWING,0
UNKNOWINGLY,0
UNLAWFUL,0
UNLAWFULLY,0
UNLICENSED,0
UNLIQUIDATED,0
UNMARKETABLE,0
UNMERCHANTABLE,0
UNNECESSARILY,0
UNNECESSARY,0
UNNEEDED,0
UNOBTAINABLE,0
UNOCCUPIED,0
UNPAID,0
UNPERFORMED,0
UNPLANNED,0
UNPOPULAR,0
UNPREDICTABILITY,0
UNPREDICTABLE,0
UNPREDICTABLY,0
UNPREDICTED,0
UNPRODUCTIVE,0
UNPROFITABILITY,0
UNPROFITABLE,0
UNQUALIFIED,0
UNREALISTIC,0
UNREASONABLE,0
UNREASONABLENESS,0
UNREASONABLY,0
UNRECOVERABLE,0
UNRECOVERED,0
UNREIMBURSED,0
UNRELIABLE,0
UNREMEDIED,0
UNREPORTED,0
UNRESOLVED,0
UNREST,0
UNSAFE,0
UNSALABLE,0
UNSALEABLE,0
UNSATISFACTORY,0
UNSATISFIED,0
UNSAVORY,0
UNSCHEDULED,0
UNSOLD,0
UNSOUND,0
UNSTABLE,0
UNSUBSTANTIATED,0
UNSUCCESSFUL,0
UNSUCCESSFULLY,0
UNSUITABILITY,0
UNSUITABLE,0
UNSUITABLY,0
UNSUITED,0
UNSURE,0
UNSUSPECTED,0
UNSUSPECTING,0
UNSUSTAINABLE,0
UNTENABLE,0
UNTIMELY,0
UNTRUTH,0
UNTRUTHFUL,0
UNTRUTHFULLY,0
UNTRUTHFULNESS,0
UNTRUTHS,0
UNUSABLE,0
UNWANTED,0
UNWARRANTED,0
UNWELCOME,0
UNWILLING,0
UNWILLINGNESS,0
UPSET,0
URGENCY,0
URGENT,0
USURIOUS,0
USURP,0
USURPED,0
USURPING,0
USURPS,0
USURY,0
VANDALISM,0
VERDICT,0
VERDICTS,0
VETOED,0
VICTIMS,0
VIOLATE,0
VIOLATED,0
VIOLATES,0
VIOLATING,0
VIOLATION,0
VIOLATIONS,0
VIOLATIVE,0
VIOLATOR,0
VIOLATORS,0
VIOLENCE,0
VIOLENT,0
VIOLENTLY,0
VITIATE,0
VITIATED,0
VITIATES,0
VITIATING,0
VITIATION,0
VOIDED,0
VOIDING,0
VOLATILE,0
VOLATILITY,0
VULNERABILITIES,0
VULNERABILITY,0
VULNERABLE,0
VULNERABLY,0
WARN,0
WARNED,0
WARNING,0
WARNINGS,0
WARNS,0
WASTED,0
WASTEFUL,0
WASTING,0
WEAK,0
WEAKEN,0
WEAKENED,0
WEAKENING,0
WEAKENS,0
WEAKER,0
WEAKEST,0
WEAKLY,0
WEAKNESS,0
WEAKNESSES,0
WILLFULLY,0
WORRIES,0
WORRY,0
WORRYING,0
WORSE,0
WORSEN,0
WORSENED,0
WORSENING,0
WORSENS,0
WORST,0
WORTHLESS,0
WRITEDOWN,0
WRITEDOWNS,0
WRITEOFF,0
WRITEOFFS,0
WRONG,0
WRONGDOING,0
WRONGDOINGS,0
WRONGFUL,0
WRONGFULLY,0
WRONGLY,0
ALMOST,0.2
APPARENTLY,0.2
APPEARED,0.2
APPEARING,0.2
APPEARS,0.2
CONCEIVABLE,0.2
COULD,0.2
DEPEND,0.2
DEPENDED,0.2
DEPENDING,0.2
DEPENDS,0.2
MAY,0.2
MAYBE,0.2
MIGHT,0.2
NEARLY,0.2
OCCASIONALLY,0.2
PERHAPS,0.2
POSSIBLE,0.2
POSSIBLY,0.2
SELDOM,0.2
SELDOMLY,0.2
SOMETIMES,0.2
SOMEWHAT,0.2
SUGGEST,0.2
SUGGESTS,0.2
UNCERTAIN,0.2
UNCERTAINLY,0.2